<?xml version="1.0" encoding="utf-8"?>
<!DOCTYPE hibernate-mapping PUBLIC 
 "-//Hibernate/Hibernate Mapping DTD//EN"
 "http://www.hibernate.org/dtd/hibernate-mapping-3.0.dtd"> 

<hibernate-mapping>
   <class name="com.gaurav.hibernate.entity.Student" table="student">
        <id name="id" type="int" column="id">
         <generator class="assigned"/>
      </id>
      <property name="firstName" column="first_name" type="string"/>
      <property name="lastName" column="last_name" type="string"/>
      <property name="email" column="email" type="string"/>
   </class>
</hibernate-mapping>